Method,ArraySize,NumThreads,ExecutionTime,MaxError,Sum
Serial,1000,1,0.225721,0,
Threads,1000,2,0.106243,0.000000e+00,
Tasks,1000,2,0.102653,0.000000e+00,
Taskloop,1000,2,0.190289,0.000000e+00,
OptimizedTasks,1000,2,0.200132,0.000000e+00,
Reduction,1000,2,0.191810,,709057402.078776
Threads,1000,4,0.056131,0.000000e+00,
Tasks,1000,4,0.050700,0.000000e+00,
Taskloop,1000,4,0.192857,0.000000e+00,
OptimizedTasks,1000,4,0.199052,0.000000e+00,
Reduction,1000,4,0.225481,,709057402.078776
Threads,1000,8,0.034881,0.000000e+00,
Tasks,1000,8,0.030523,0.000000e+00,
Taskloop,1000,8,0.197726,0.000000e+00,
OptimizedTasks,1000,8,0.201002,0.000000e+00,
Reduction,1000,8,0.196952,,709057402.078776
Threads,1000,16,0.019802,0.000000e+00,
Tasks,1000,16,0.019380,0.000000e+00,
Taskloop,1000,16,0.201169,0.000000e+00,
OptimizedTasks,1000,16,0.231045,0.000000e+00,
Reduction,1000,16,0.199622,,709057402.078776
Threads,1000,24,0.016665,0.000000e+00,
Tasks,1000,24,0.017076,0.000000e+00,
Taskloop,1000,24,0.225251,0.000000e+00,
OptimizedTasks,1000,24,0.233362,0.000000e+00,
Reduction,1000,24,0.230469,,709057402.078776
Threads,1000,28,0.014090,0.000000e+00,
Tasks,1000,28,0.013574,0.000000e+00,
Taskloop,1000,28,0.212615,0.000000e+00,
OptimizedTasks,1000,28,0.241431,0.000000e+00,
Reduction,1000,28,0.193689,,709057402.078776
Threads,1000,32,0.013198,0.000000e+00,
Tasks,1000,32,0.012959,0.000000e+00,
Taskloop,1000,32,0.208667,0.000000e+00,
OptimizedTasks,1000,32,0.234172,0.000000e+00,
Reduction,1000,32,0.198137,,709057402.078776
Serial,10000,1,1.821084,0,
Threads,10000,2,0.920974,0.000000e+00,
Tasks,10000,2,0.900576,0.000000e+00,
Taskloop,10000,2,0.935312,0.000000e+00,
OptimizedTasks,10000,2,0.934709,0.000000e+00,
Reduction,10000,2,0.934964,,9751625649.082747
Threads,10000,4,0.458863,0.000000e+00,
Tasks,10000,4,0.456481,0.000000e+00,
Taskloop,10000,4,0.544943,0.000000e+00,
OptimizedTasks,10000,4,0.543694,0.000000e+00,
Reduction,10000,4,0.546168,,9751625649.082764
Threads,10000,8,0.234987,0.000000e+00,
Tasks,10000,8,0.229955,0.000000e+00,
Taskloop,10000,8,0.354665,0.000000e+00,
OptimizedTasks,10000,8,0.349184,0.000000e+00,
Reduction,10000,8,0.350478,,9751625649.082750
Threads,10000,16,0.128596,0.000000e+00,
Tasks,10000,16,0.125974,0.000000e+00,
Taskloop,10000,16,0.208664,0.000000e+00,
OptimizedTasks,10000,16,0.208364,0.000000e+00,
Reduction,10000,16,0.207495,,9751625649.082752
Threads,10000,24,0.114234,0.000000e+00,
Tasks,10000,24,0.113803,0.000000e+00,
Taskloop,10000,24,0.230685,0.000000e+00,
OptimizedTasks,10000,24,0.207280,0.000000e+00,
Reduction,10000,24,0.215805,,9751625649.082750
Threads,10000,28,0.111889,0.000000e+00,
Tasks,10000,28,0.109151,0.000000e+00,
Taskloop,10000,28,0.209301,0.000000e+00,
OptimizedTasks,10000,28,0.209378,0.000000e+00,
Reduction,10000,28,0.224635,,9751625649.082750
Threads,10000,32,0.109940,0.000000e+00,
Tasks,10000,32,0.105008,0.000000e+00,
Taskloop,10000,32,0.217261,0.000000e+00,
OptimizedTasks,10000,32,0.223241,0.000000e+00,
Reduction,10000,32,0.228714,,9751625649.082748
Serial,10000,1,1.813732,0,
Threads,10000,2,0.894502,0.000000e+00,
Tasks,10000,2,0.895842,0.000000e+00,
Taskloop,10000,2,0.937083,0.000000e+00,
OptimizedTasks,10000,2,0.929376,0.000000e+00,
Reduction,10000,2,0.930601,,9751625649.082747
Threads,10000,4,0.456868,0.000000e+00,
Tasks,10000,4,0.452709,0.000000e+00,
Taskloop,10000,4,0.542563,0.000000e+00,
OptimizedTasks,10000,4,0.542583,0.000000e+00,
Reduction,10000,4,0.541579,,9751625649.082764
Threads,10000,8,0.232274,0.000000e+00,
Tasks,10000,8,0.227985,0.000000e+00,
Taskloop,10000,8,0.347628,0.000000e+00,
OptimizedTasks,10000,8,0.350599,0.000000e+00,
Reduction,10000,8,0.350915,,9751625649.082752
Threads,10000,16,0.129512,0.000000e+00,
Tasks,10000,16,0.125685,0.000000e+00,
Taskloop,10000,16,0.207774,0.000000e+00,
OptimizedTasks,10000,16,0.222253,0.000000e+00,
Reduction,10000,16,0.208604,,9751625649.082748
Threads,10000,24,0.118553,0.000000e+00,
Tasks,10000,24,0.114613,0.000000e+00,
Taskloop,10000,24,0.217002,0.000000e+00,
OptimizedTasks,10000,24,0.231325,0.000000e+00,
Reduction,10000,24,0.218766,,9751625649.082748
Threads,10000,28,0.109554,0.000000e+00,
Tasks,10000,28,0.108895,0.000000e+00,
Taskloop,10000,28,0.223834,0.000000e+00,
OptimizedTasks,10000,28,0.216350,0.000000e+00,
Reduction,10000,28,0.213887,,9751625649.082750
Threads,10000,32,0.110307,0.000000e+00,
Tasks,10000,32,0.104999,0.000000e+00,
Taskloop,10000,32,0.233886,0.000000e+00,
OptimizedTasks,10000,32,0.226976,0.000000e+00,
Reduction,10000,32,0.243080,,9751625649.082748
Serial,100000,1,34.749497,0,
Threads,100000,2,17.595782,0.000000e+00,
Tasks,100000,2,17.508564,0.000000e+00,
Taskloop,100000,2,17.568648,0.000000e+00,
OptimizedTasks,100000,2,17.581444,0.000000e+00,
Reduction,100000,2,17.578832,,224223557331.286194
Threads,100000,4,8.928095,0.000000e+00,
Tasks,100000,4,8.950920,0.000000e+00,
Taskloop,100000,4,9.121523,0.000000e+00,
OptimizedTasks,100000,4,9.133554,0.000000e+00,
Reduction,100000,4,9.123278,,224223557331.288361
Threads,100000,8,4.521591,0.000000e+00,
Tasks,100000,8,4.529524,0.000000e+00,
Taskloop,100000,8,4.710098,0.000000e+00,
OptimizedTasks,100000,8,4.659286,0.000000e+00,
Reduction,100000,8,4.651737,,224223557331.287994
Threads,100000,16,2.360085,0.000000e+00,
Tasks,100000,16,2.362681,0.000000e+00,
Taskloop,100000,16,2.602132,0.000000e+00,
OptimizedTasks,100000,16,2.598168,0.000000e+00,
Reduction,100000,16,2.596357,,224223557331.287689
Threads,100000,24,2.039802,0.000000e+00,
Tasks,100000,24,2.042717,0.000000e+00,
Taskloop,100000,24,2.187698,0.000000e+00,
OptimizedTasks,100000,24,2.170896,0.000000e+00,
Reduction,100000,24,2.214579,,224223557331.287872
Threads,100000,28,1.923659,0.000000e+00,
Tasks,100000,28,1.923982,0.000000e+00,
Taskloop,100000,28,2.098285,0.000000e+00,
OptimizedTasks,100000,28,2.085875,0.000000e+00,
Reduction,100000,28,2.077297,,224223557331.287781
Threads,100000,32,1.827815,0.000000e+00,
Tasks,100000,32,1.827426,0.000000e+00,
Taskloop,100000,32,2.076400,0.000000e+00,
OptimizedTasks,100000,32,2.070406,0.000000e+00,
Reduction,100000,32,2.062376,,224223557331.287872
